{"recife":0.4324064428,"olinda":0.1645965222,"jaboat\u00e3o dos guararapes":0.1508133665,"paulista":0.0733231829,"fernando de noronha, ilha de fernando de noronha":0.0605817774,"s\u00e3o louren\u00e7o da mata":0.0247615995,"camaragibe":0.0234794455,"abreu e lima":0.0191521757,"cabo de santo agostinho":0.0176296178,"igarassu":0.0156262521,"ipojuca":0.0067313086,"moreno":0.0052087507,"ilha de itamarac\u00e1":0.0024841734,"itapissuma":0.0017629618,"ara\u00e7oiaba":0.0003205385,"taquaritinga do norte":0.0002404039,"carpina":0.0001602693,"oroc\u00f3":0.0001602693,"cumaru":0.0001602693,"timba\u00faba":0.0001602693,"passira":0.0000801346,"santa maria da boa vista":0.0000801346,"rio formoso":0.0000801346}